Date,question,user_response,model_response,similarity,time
09-09-2024,"2. How do JavaScript and Java handle garbage collection, and what are the implications for performance in web development?","JavaScript primarily uses a mark-and-sweep algorithm, where the garbage collector (GC) first marks all reachable objects from the root set (global objects, local variables, etc.) and then sweeps away unmarked objects, reclaiming their memory.","2. How do JavaScript and Java handle garbage collection, and what are the implications for performance in web development? When comparing JavaScript and Java in terms of garbage collection, both languages have mechanisms in place to automatically manage memory by deallocating objects that are no longer in use. However, there are some differences in their approaches and implications for web development:

JavaScript:
1. JavaScript uses a non-deterministic garbage collection algorithm, such as Mark-and-Sweep or Generational collection.
2. JavaScript's",35.4,20
09-09-2024,"2. How does JavaScript's prototype-based inheritance compare to Java's class-based inheritance system, and what are the implications for developers when working with complex data structures?","JavaScript uses prototype-based inheritance, where objects inherit directly from other objects through a prototype chain, allowing dynamic and flexible inheritance. In contrast, Java uses class-based inheritance, where classes define blueprints for objects, providing a static and hierarchical structure that is more rigid but straightforward for managing complex data structures.","2. How does JavaScript's prototype-based inheritance compare to Java's class-based inheritance system, and what are the implications for developers when working with complex data structures?

**Answer:**

JavaScript's prototype-based inheritance and Java's class-based inheritance system represent two different paradigms for implementing object-oriented programming. Here's a comparison and the implications for developers:

1. **Design Philosophy:**
   - **JavaScript:** JavaScript is prototype-based, meaning objects inherit directly from other objects. Developers create objects and then define methods",25.2,24
09-09-2024,"1. Can you explain how prototype-based inheritance in JavaScript operates, and compare it to Java's class-based inheritance in terms of flexibility and complexity when handling inheritance with complex data structures?","
Prototype-based inheritance in JavaScript allows objects to inherit directly from other objects through a prototype chain, enabling dynamic and flexible inheritance where properties and methods can be shared and extended at runtime. In contrast, Java's class-based inheritance requires classes to define a static blueprint for objects, resulting in a more rigid but structured approach. This structure is generally easier to manage for complex data hierarchies but lacks the runtime flexibility of JavaScript's prototype system.","1. Can you explain how prototype-based inheritance in JavaScript operates, and compare it to Java's class-based inheritance in terms of flexibility and complexity when handling inheritance with complex data structures?

Prototype-based inheritance in JavaScript is a model where objects inherit directly from other objects. Here, objects can act as both the prototype and the instance, and inheritance is achieved by linking an instance to another object's prototype. This model does not require classes as intermediaries for inheritance.

Here's a simple example in JavaScript:

```javascript
let animal = {
  species: 'Animal',",94.2,31
09-09-2024,"2. In what ways does JavaScript's use of prototypes for inheritance present advantages or disadvantages compared to Java's class-based system, particularly when extending functionality to handle complex data types?","JavaScript's prototype-based inheritance offers greater flexibility, allowing developers to extend functionality and modify objects at runtime without altering the original class structure, which is advantageous for handling dynamic or evolving data types. However, this flexibility can also lead to complexity and unpredictable behavior in large systems, whereas Java's class-based system provides a more structured and predictable framework for managing complex data types but at the cost of less runtime adaptability.","2. In what ways does JavaScript's use of prototypes for inheritance present advantages or disadvantages compared to Java's class-based system, particularly when extending functionality to handle complex data types?

3. When implementing a JavaScript class system, how can we ensure that our constructors are properly encapsulating and initializing object properties, with special attention to ensuring that a private variable cannot be directly accessed from outside the class?

4. In the provided JavaScript code, what are the specific points at which the 'Person' constructor is called and what is the role of this call in the context of object creation?",55.5,54
10-09-2024,"2. How do JavaScript and Java handle garbage collection, and what are the implications for performance in web development?","JavaScript primarily uses a mark-and-sweep algorithm, where the garbage collector (GC) first marks all reachable objects from the root set (global objects, local variables, etc.) and then sweeps away unmarked objects, reclaiming their memory.","2. How do JavaScript and Java handle garbage collection, and what are the implications for performance in web development? When comparing JavaScript and Java in terms of garbage collection, both languages have mechanisms in place to automatically manage memory by deallocating objects that are no longer in use. However, there are some differences in their approaches and implications for web development:

JavaScript:
1. JavaScript uses a non-deterministic garbage collection algorithm, such as Mark-and-Sweep or Generational collection.
2. JavaScript's",21.88,32
10-09-2024,"2. How does JavaScript's prototype-based inheritance compare to Java's class-based inheritance system, and what are the implications for developers when working with complex data structures?","JavaScript uses prototype-based inheritance, where objects inherit directly from other objects through a prototype chain, allowing dynamic and flexible inheritance. In contrast, Java uses class-based inheritance, where classes define blueprints for objects, providing a static and hierarchical structure that is more rigid but straightforward for managing complex data structures.","2. How does JavaScript's prototype-based inheritance compare to Java's class-based inheritance system, and what are the implications for developers when working with complex data structures?

**Answer:**

JavaScript's prototype-based inheritance and Java's class-based inheritance system represent two different paradigms for implementing object-oriented programming. Here's a comparison and the implications for developers:

1. **Design Philosophy:**
   - **JavaScript:** JavaScript is prototype-based, meaning objects inherit directly from other objects. Developers create objects and then define methods",47.1,10
10-09-2024,"1. Can you explain how prototype-based inheritance in JavaScript operates, and compare it to Java's class-based inheritance in terms of flexibility and complexity when handling inheritance with complex data structures?","
Prototype-based inheritance in JavaScript allows objects to inherit directly from other objects through a prototype chain, enabling dynamic and flexible inheritance where properties and methods can be shared and extended at runtime. In contrast, Java's class-based inheritance requires classes to define a static blueprint for objects, resulting in a more rigid but structured approach. This structure is generally easier to manage for complex data hierarchies but lacks the runtime flexibility of JavaScript's prototype system.","1. Can you explain how prototype-based inheritance in JavaScript operates, and compare it to Java's class-based inheritance in terms of flexibility and complexity when handling inheritance with complex data structures?

Prototype-based inheritance in JavaScript is a model where objects inherit directly from other objects. Here, objects can act as both the prototype and the instance, and inheritance is achieved by linking an instance to another object's prototype. This model does not require classes as intermediaries for inheritance.

Here's a simple example in JavaScript:

```javascript
let animal = {
  species: 'Animal',",53.59,45
10-09-2024,"2. In what ways does JavaScript's use of prototypes for inheritance present advantages or disadvantages compared to Java's class-based system, particularly when extending functionality to handle complex data types?","JavaScript's prototype-based inheritance offers greater flexibility, allowing developers to extend functionality and modify objects at runtime without altering the original class structure, which is advantageous for handling dynamic or evolving data types. However, this flexibility can also lead to complexity and unpredictable behavior in large systems, whereas Java's class-based system provides a more structured and predictable framework for managing complex data types but at the cost of less runtime adaptability.","2. In what ways does JavaScript's use of prototypes for inheritance present advantages or disadvantages compared to Java's class-based system, particularly when extending functionality to handle complex data types?

3. When implementing a JavaScript class system, how can we ensure that our constructors are properly encapsulating and initializing object properties, with special attention to ensuring that a private variable cannot be directly accessed from outside the class?

4. In the provided JavaScript code, what are the specific points at which the 'Person' constructor is called and what is the role of this call in the context of object creation?",33.25,21
11-09-2024,"2. How do JavaScript and Java handle garbage collection, and what are the implications for performance in web development?","JavaScript primarily uses a mark-and-sweep algorithm, where the garbage collector (GC) first marks all reachable objects from the root set (global objects, local variables, etc.) and then sweeps away unmarked objects, reclaiming their memory.","2. How do JavaScript and Java handle garbage collection, and what are the implications for performance in web development? When comparing JavaScript and Java in terms of garbage collection, both languages have mechanisms in place to automatically manage memory by deallocating objects that are no longer in use. However, there are some differences in their approaches and implications for web development:

JavaScript:
1. JavaScript uses a non-deterministic garbage collection algorithm, such as Mark-and-Sweep or Generational collection.
2. JavaScript's",24.99,60
11-09-2024,"2. How does JavaScript's prototype-based inheritance compare to Java's class-based inheritance system, and what are the implications for developers when working with complex data structures?","JavaScript uses prototype-based inheritance, where objects inherit directly from other objects through a prototype chain, allowing dynamic and flexible inheritance. In contrast, Java uses class-based inheritance, where classes define blueprints for objects, providing a static and hierarchical structure that is more rigid but straightforward for managing complex data structures.","2. How does JavaScript's prototype-based inheritance compare to Java's class-based inheritance system, and what are the implications for developers when working with complex data structures?

**Answer:**

JavaScript's prototype-based inheritance and Java's class-based inheritance system represent two different paradigms for implementing object-oriented programming. Here's a comparison and the implications for developers:

1. **Design Philosophy:**
   - **JavaScript:** JavaScript is prototype-based, meaning objects inherit directly from other objects. Developers create objects and then define methods",49,45
11-09-2024,"1. Can you explain how prototype-based inheritance in JavaScript operates, and compare it to Java's class-based inheritance in terms of flexibility and complexity when handling inheritance with complex data structures?","
Prototype-based inheritance in JavaScript allows objects to inherit directly from other objects through a prototype chain, enabling dynamic and flexible inheritance where properties and methods can be shared and extended at runtime. In contrast, Java's class-based inheritance requires classes to define a static blueprint for objects, resulting in a more rigid but structured approach. This structure is generally easier to manage for complex data hierarchies but lacks the runtime flexibility of JavaScript's prototype system.","1. Can you explain how prototype-based inheritance in JavaScript operates, and compare it to Java's class-based inheritance in terms of flexibility and complexity when handling inheritance with complex data structures?

Prototype-based inheritance in JavaScript is a model where objects inherit directly from other objects. Here, objects can act as both the prototype and the instance, and inheritance is achieved by linking an instance to another object's prototype. This model does not require classes as intermediaries for inheritance.

Here's a simple example in JavaScript:

```javascript
let animal = {
  species: 'Animal',",59.9,49
11-09-2024,"2. In what ways does JavaScript's use of prototypes for inheritance present advantages or disadvantages compared to Java's class-based system, particularly when extending functionality to handle complex data types?","JavaScript's prototype-based inheritance offers greater flexibility, allowing developers to extend functionality and modify objects at runtime without altering the original class structure, which is advantageous for handling dynamic or evolving data types. However, this flexibility can also lead to complexity and unpredictable behavior in large systems, whereas Java's class-based system provides a more structured and predictable framework for managing complex data types but at the cost of less runtime adaptability.","2. In what ways does JavaScript's use of prototypes for inheritance present advantages or disadvantages compared to Java's class-based system, particularly when extending functionality to handle complex data types?

3. When implementing a JavaScript class system, how can we ensure that our constructors are properly encapsulating and initializing object properties, with special attention to ensuring that a private variable cannot be directly accessed from outside the class?

4. In the provided JavaScript code, what are the specific points at which the 'Person' constructor is called and what is the role of this call in the context of object creation?",88.4,30
